,sum_sq,df,F,PR(>F),p_corrected,eta_squared
Intercept,300.29172013447163,1.0,2.6636038950657754,0.10344321082085493,0.15516481623128242,0.004559239142315357
C(hardware),138.43416190964177,3.0,0.40930618256537105,0.7463989475900012,0.8956787371080015,0.0021018043698621705
C(precision),773.8122483291651,2.0,3.4318783710989242,0.03326691568908376,0.0998007470672513,0.011748559333589126
C(framework),637.6878813253421,2.0,2.828163100490763,0.060286719911956936,0.12057343982391387,0.009681823887174508
C(workload),18127.312227902297,3.0,53.59674856135704,3.3275931501155873e-29,1.9965558900693524e-28,0.27522154596008996
C(hardware):C(precision),114.91363611459467,6.0,0.16988170070864198,0.9166996158598895,0.9166996158598895,0.001744699279503381
Residual,45771.985316752514,406.0,,,,0.6949423280274655
